
-- Swatch Upload Template 
-- This template outlines all 3 insert statements that need to be completed to add new swatches into the database. 

USE BrandSites;
GO 



-- 1. Add new swatch records to swatch table(dbo.Swatches) 
INSERT INTO dbo.Swatches (CollectionName,ColorName,ColorNumber,SwatchColorNumber,SPSRenderImageName,ItemNumber,ProductLineCode,SwatchProductLineCode,createdOn,EffectiveInDate,EffectiveOutDate,NewSwatch,NewSwatchEffectiveOutDate,OrderInd,Renderable,Opacity,BrandId) VALUES
('Linen Dream','Modern Khaki','4110','4110','R_18_4110','18G-4110','18','18',CURRENT_TIMESTAMP,CURRENT_TIMESTAMP,DATEADD(year, 10, CURRENT_TIMESTAMP),'Y',DATEADD(month, 4, CURRENT_TIMESTAMP),'O','Y',100,2),
('Linen Dream','Oat Field','4111','4111','R_18_4111','18G-4111','18','18',CURRENT_TIMESTAMP,CURRENT_TIMESTAMP,DATEADD(year, 10, CURRENT_TIMESTAMP),'Y',DATEADD(month, 4, CURRENT_TIMESTAMP),'O','Y',100,2),
('Linen Dream','Sifted Sand','4112','4112','R_18_4112','18G-4112','18','18',CURRENT_TIMESTAMP,CURRENT_TIMESTAMP,DATEADD(year, 10, CURRENT_TIMESTAMP),'Y',DATEADD(month, 4, CURRENT_TIMESTAMP),'O','Y',100,2),
('Linen Dream','Clamshell','4113','4113','R_18_4113','18G-4113','18','18',CURRENT_TIMESTAMP,CURRENT_TIMESTAMP,DATEADD(year, 10, CURRENT_TIMESTAMP),'Y',DATEADD(month, 4, CURRENT_TIMESTAMP),'O','Y',100,2),
('Linen Dream','Soft Coal','4114','4114','R_18_4114','18G-4114','18','18',CURRENT_TIMESTAMP,CURRENT_TIMESTAMP,DATEADD(year, 10, CURRENT_TIMESTAMP),'Y',DATEADD(month, 4, CURRENT_TIMESTAMP),'O','Y',100,2),
('Papyrus','Natural White','4120','4120','R_18_4120','18G-4120','18','18',CURRENT_TIMESTAMP,CURRENT_TIMESTAMP,DATEADD(year, 10, CURRENT_TIMESTAMP),'Y',DATEADD(month, 4, CURRENT_TIMESTAMP),'O','Y',100,2),
('Papyrus','Soft Ivory','4121','4121','R_18_4121','18G-4121','18','18',CURRENT_TIMESTAMP,CURRENT_TIMESTAMP,DATEADD(year, 10, CURRENT_TIMESTAMP),'Y',DATEADD(month, 4, CURRENT_TIMESTAMP),'O','Y',100,2),
('Papyrus','Gray Dusk','4122','4122','R_18_4122','18G-4122','18','18',CURRENT_TIMESTAMP,CURRENT_TIMESTAMP,DATEADD(year, 10, CURRENT_TIMESTAMP),'Y',DATEADD(month, 4, CURRENT_TIMESTAMP),'O','Y',100,2),
('Papyrus','Charcoal','4123','4123','R_18_4123','18G-4123','18','18',CURRENT_TIMESTAMP,CURRENT_TIMESTAMP,DATEADD(year, 10, CURRENT_TIMESTAMP),'Y',DATEADD(month, 4, CURRENT_TIMESTAMP),'O','Y',100,2),
('Heathered','Almond','4130','4130','R_18_4130','18G-4130','18','18',CURRENT_TIMESTAMP,CURRENT_TIMESTAMP,DATEADD(year, 10, CURRENT_TIMESTAMP),'Y',DATEADD(month, 4, CURRENT_TIMESTAMP),'O','Y',100,2),
('Heathered','Biscotti','4131','4131','R_18_4131','18G-4131','18','18',CURRENT_TIMESTAMP,CURRENT_TIMESTAMP,DATEADD(year, 10, CURRENT_TIMESTAMP),'Y',DATEADD(month, 4, CURRENT_TIMESTAMP),'O','Y',100,2),
('Heathered','Light Caramel','4132','4132','R_18_4132','18G-4132','18','18',CURRENT_TIMESTAMP,CURRENT_TIMESTAMP,DATEADD(year, 10, CURRENT_TIMESTAMP),'Y',DATEADD(month, 4, CURRENT_TIMESTAMP),'O','Y',100,2),
('Heathered','Gentle Gray','4133','4133','R_18_4133','18G-4133','18','18',CURRENT_TIMESTAMP,CURRENT_TIMESTAMP,DATEADD(year, 10, CURRENT_TIMESTAMP),'Y',DATEADD(month, 4, CURRENT_TIMESTAMP),'O','Y',100,2),
('Heathered','Smoked Oyster','4134','4134','R_18_4134','18G-4134','18','18',CURRENT_TIMESTAMP,CURRENT_TIMESTAMP,DATEADD(year, 10, CURRENT_TIMESTAMP),'Y',DATEADD(month, 4, CURRENT_TIMESTAMP),'O','Y',100,2),
('Heathered','Creamy Cocoa','4135','4135','R_18_4135','18G-4135','18','18',CURRENT_TIMESTAMP,CURRENT_TIMESTAMP,DATEADD(year, 10, CURRENT_TIMESTAMP),'Y',DATEADD(month, 4, CURRENT_TIMESTAMP),'O','Y',100,2),
('Coastal Ridge','Conch Shell','4140','4140','R_18_4140','18G-4140','18','18',CURRENT_TIMESTAMP,CURRENT_TIMESTAMP,DATEADD(year, 10, CURRENT_TIMESTAMP),'Y',DATEADD(month, 4, CURRENT_TIMESTAMP),'O','Y',100,2),
('Coastal Ridge','Seagull','4141','4141','R_18_4141','18G-4141','18','18',CURRENT_TIMESTAMP,CURRENT_TIMESTAMP,DATEADD(year, 10, CURRENT_TIMESTAMP),'Y',DATEADD(month, 4, CURRENT_TIMESTAMP),'O','Y',100,1),
('Coastal Ridge','Sand Dollar','4142','4142','R_18_4142','18G-4142','18','18',CURRENT_TIMESTAMP,CURRENT_TIMESTAMP,DATEADD(year, 10, CURRENT_TIMESTAMP),'Y',DATEADD(month, 4, CURRENT_TIMESTAMP),'O','Y',100,2),
('Coastal Ridge','Nightfall','4143','4143','R_18_4143','18G-4143','18','18',CURRENT_TIMESTAMP,CURRENT_TIMESTAMP,DATEADD(year, 10, CURRENT_TIMESTAMP),'Y',DATEADD(month, 4, CURRENT_TIMESTAMP),'O','Y',100,2),
('Coastal Ridge','Hushed Indigo','4144','4144','R_18_4144','18G-4144','18','18',CURRENT_TIMESTAMP,CURRENT_TIMESTAMP,DATEADD(year, 10, CURRENT_TIMESTAMP),'Y',DATEADD(month, 4, CURRENT_TIMESTAMP),'O','Y',100,2),
('Refreshed','Evening Rain','4165','4165','R_18_4165','18G-4165','18','18',CURRENT_TIMESTAMP,CURRENT_TIMESTAMP,DATEADD(year, 10, CURRENT_TIMESTAMP),'Y',DATEADD(month, 4, CURRENT_TIMESTAMP),'O','Y',100,2),
('Refreshed','Tropical Breeze','4166','4166','R_18_4166','18G-4166','18','18',CURRENT_TIMESTAMP,CURRENT_TIMESTAMP,DATEADD(year, 10, CURRENT_TIMESTAMP),'Y',DATEADD(month, 4, CURRENT_TIMESTAMP),'O','Y',100,2),
('Refreshed','Heather Gray','4167','4167','R_18_4167','18G-4167','18','18',CURRENT_TIMESTAMP,CURRENT_TIMESTAMP,DATEADD(year, 10, CURRENT_TIMESTAMP),'Y',DATEADD(month, 4, CURRENT_TIMESTAMP),'O','Y',100,2),
('Refreshed','Mud Mask','4168','4168','R_18_4168','18G-4168','18','18',CURRENT_TIMESTAMP,CURRENT_TIMESTAMP,DATEADD(year, 10, CURRENT_TIMESTAMP),'Y',DATEADD(month, 4, CURRENT_TIMESTAMP),'O','Y',100,2),
('Spascape','Natural Linen','4180','4180','R_18_4180','18G-4180','18','18',CURRENT_TIMESTAMP,CURRENT_TIMESTAMP,DATEADD(year, 10, CURRENT_TIMESTAMP),'Y',DATEADD(month, 4, CURRENT_TIMESTAMP),'O','Y',100,2),
('Spascape','Cream Coverlet','4181','4181','R_18_4181','18G-4181','18','18',CURRENT_TIMESTAMP,CURRENT_TIMESTAMP,DATEADD(year, 10, CURRENT_TIMESTAMP),'Y',DATEADD(month, 4, CURRENT_TIMESTAMP),'O','Y',100,2),
('Spascape','Rattan','4182','4182','R_18_4182','18G-4182','18','18',CURRENT_TIMESTAMP,CURRENT_TIMESTAMP,DATEADD(year, 10, CURRENT_TIMESTAMP),'Y',DATEADD(month, 4, CURRENT_TIMESTAMP),'O','Y',100,2),
('Spascape','Restful Rain','4183','4183','R_18_4183','18G-4183','18','18',CURRENT_TIMESTAMP,CURRENT_TIMESTAMP,DATEADD(year, 10, CURRENT_TIMESTAMP),'Y',DATEADD(month, 4, CURRENT_TIMESTAMP),'O','Y',100,2),
('Palmetto','Misty Morning','4200','4200','R_18_4200','18G-4200','18','18',CURRENT_TIMESTAMP,CURRENT_TIMESTAMP,DATEADD(year, 10, CURRENT_TIMESTAMP),'Y',DATEADD(month, 4, CURRENT_TIMESTAMP),'O','Y',100,2),
('Palmetto','Coconut Oil','4201','4201','R_18_4201','18G-4201','18','18',CURRENT_TIMESTAMP,CURRENT_TIMESTAMP,DATEADD(year, 10, CURRENT_TIMESTAMP),'Y',DATEADD(month, 4, CURRENT_TIMESTAMP),'O','Y',100,2),
('Palmetto','Seaspray','4202','4202','R_18_4202','18G-4202','18','18',CURRENT_TIMESTAMP,CURRENT_TIMESTAMP,DATEADD(year, 10, CURRENT_TIMESTAMP),'Y',DATEADD(month, 4, CURRENT_TIMESTAMP),'O','Y',100,2),
('Coastal Collection','Lava Rock','4220','4220','R_18_4220','18G-4220','18','18',CURRENT_TIMESTAMP,CURRENT_TIMESTAMP,DATEADD(year, 10, CURRENT_TIMESTAMP),'Y',DATEADD(month, 4, CURRENT_TIMESTAMP),'O','Y',100,2),
('Coastal Collection','Crème','4221','4221','R_18_4221','18G-4221','18','18',CURRENT_TIMESTAMP,CURRENT_TIMESTAMP,DATEADD(year, 10, CURRENT_TIMESTAMP),'Y',DATEADD(month, 4, CURRENT_TIMESTAMP),'O','Y',100,2),
('Coastal Collection','Washed Sandstone','4222','4222','R_18_4222','18G-4222','18','18',CURRENT_TIMESTAMP,CURRENT_TIMESTAMP,DATEADD(year, 10, CURRENT_TIMESTAMP),'Y',DATEADD(month, 4, CURRENT_TIMESTAMP),'O','Y',100,2),
('Seascape','Cypress','4225','4225','R_18_4225','18G-4225','18','18',CURRENT_TIMESTAMP,CURRENT_TIMESTAMP,DATEADD(year, 10, CURRENT_TIMESTAMP),'Y',DATEADD(month, 4, CURRENT_TIMESTAMP),'O','Y',100,2),
('Seascape','Deep Sea','4226','4226','R_18_4226','18G-4226','18','18',CURRENT_TIMESTAMP,CURRENT_TIMESTAMP,DATEADD(year, 10, CURRENT_TIMESTAMP),'Y',DATEADD(month, 4, CURRENT_TIMESTAMP),'O','Y',100,2),
('Seascape','Driftwood','4227','4227','R_18_4227','18G-4227','18','18',CURRENT_TIMESTAMP,CURRENT_TIMESTAMP,DATEADD(year, 10, CURRENT_TIMESTAMP),'Y',DATEADD(month, 4, CURRENT_TIMESTAMP),'O','Y',100,2),
('Riptide','Volcanic Ash','4230','4230','R_18_4230','18G-4230','18','18',CURRENT_TIMESTAMP,CURRENT_TIMESTAMP,DATEADD(year, 10, CURRENT_TIMESTAMP),'Y',DATEADD(month, 4, CURRENT_TIMESTAMP),'O','Y',100,2),
('Riptide','Blue Topaz','4231','4231','R_18_4231','18G-4231','18','18',CURRENT_TIMESTAMP,CURRENT_TIMESTAMP,DATEADD(year, 10, CURRENT_TIMESTAMP),'Y',DATEADD(month, 4, CURRENT_TIMESTAMP),'O','Y',100,2),
('Riptide','Dunes Grass','4232','4232','R_18_4232','18G-4232','18','18',CURRENT_TIMESTAMP,CURRENT_TIMESTAMP,DATEADD(year, 10, CURRENT_TIMESTAMP),'Y',DATEADD(month, 4, CURRENT_TIMESTAMP),'O','Y',100,2),
('Cottonwood','Arbor','4233','4233','R_18_4233','18G-4233','18','18',CURRENT_TIMESTAMP,CURRENT_TIMESTAMP,DATEADD(year, 10, CURRENT_TIMESTAMP),'Y',DATEADD(month, 4, CURRENT_TIMESTAMP),'O','Y',100,2),
('Cottonwood','Lakeside','4234','4234','R_18_4234','18G-4234','18','18',CURRENT_TIMESTAMP,CURRENT_TIMESTAMP,DATEADD(year, 10, CURRENT_TIMESTAMP),'Y',DATEADD(month, 4, CURRENT_TIMESTAMP),'O','Y',100,2),
('Riptide','Sunset','4235','4235','R_18_4235','18G-4235','18','18',CURRENT_TIMESTAMP,CURRENT_TIMESTAMP,DATEADD(year, 10, CURRENT_TIMESTAMP),'Y',DATEADD(month, 4, CURRENT_TIMESTAMP),'O','Y',100,2),
('Riptide','Boardwalk','4236','4236','R_18_4236','18G-4236','18','18',CURRENT_TIMESTAMP,CURRENT_TIMESTAMP,DATEADD(year, 10, CURRENT_TIMESTAMP),'Y',DATEADD(month, 4, CURRENT_TIMESTAMP),'O','Y',100,2),
('Cottonwood','Cattails','4237','4237','R_18_4237','18G-4237','18','18',CURRENT_TIMESTAMP,CURRENT_TIMESTAMP,DATEADD(year, 10, CURRENT_TIMESTAMP),'Y',DATEADD(month, 4, CURRENT_TIMESTAMP),'O','Y',100,2),
('Cottonwood','Marina','4238','4238','R_18_4238','18G-4238','18','18',CURRENT_TIMESTAMP,CURRENT_TIMESTAMP,DATEADD(year, 10, CURRENT_TIMESTAMP),'Y',DATEADD(month, 4, CURRENT_TIMESTAMP),'O','Y',100,2),
('Oceanfront','Sea Stone','4240','4240','R_18_4240','18G-4240','18','18',CURRENT_TIMESTAMP,CURRENT_TIMESTAMP,DATEADD(year, 10, CURRENT_TIMESTAMP),'Y',DATEADD(month, 4, CURRENT_TIMESTAMP),'O','Y',100,2),
('Oceanfront','Tidal Wave','4241','4241','R_18_4241','18G-4241','18','18',CURRENT_TIMESTAMP,CURRENT_TIMESTAMP,DATEADD(year, 10, CURRENT_TIMESTAMP),'Y',DATEADD(month, 4, CURRENT_TIMESTAMP),'O','Y',100,2),
('Oceanfront','Sea Grass','4242','4242','R_18_4242','18G-4242','18','18',CURRENT_TIMESTAMP,CURRENT_TIMESTAMP,DATEADD(year, 10, CURRENT_TIMESTAMP),'Y',DATEADD(month, 4, CURRENT_TIMESTAMP),'O','Y',100,2),
('Atlantic Waves','Washed Blues','4243','4243','R_18_4243','18G-4243','18','18',CURRENT_TIMESTAMP,CURRENT_TIMESTAMP,DATEADD(year, 10, CURRENT_TIMESTAMP),'Y',DATEADD(month, 4, CURRENT_TIMESTAMP),'O','Y',100,2),
('Atlantic Waves','Sandstone','4244','4244','R_18_4244','18G-4244','18','18',CURRENT_TIMESTAMP,CURRENT_TIMESTAMP,DATEADD(year, 10, CURRENT_TIMESTAMP),'Y',DATEADD(month, 4, CURRENT_TIMESTAMP),'O','Y',100,2),
('Atlantic Waves','Sunrise','4245','4245','R_18_4245','18G-4245','18','18',CURRENT_TIMESTAMP,CURRENT_TIMESTAMP,DATEADD(year, 10, CURRENT_TIMESTAMP),'Y',DATEADD(month, 4, CURRENT_TIMESTAMP),'O','Y',100,2),
('Oceanfront','Pink Sand','4246','4246','R_18_4246','18G-4246','18','18',CURRENT_TIMESTAMP,CURRENT_TIMESTAMP,DATEADD(year, 10, CURRENT_TIMESTAMP),'Y',DATEADD(month, 4, CURRENT_TIMESTAMP),'O','Y',100,2),
('Atlantic Waves','Ocean Stone','4247','4247','R_18_4247','18G-4247','18','18',CURRENT_TIMESTAMP,CURRENT_TIMESTAMP,DATEADD(year, 10, CURRENT_TIMESTAMP),'Y',DATEADD(month, 4, CURRENT_TIMESTAMP),'O','Y',100,2),
('Atlantic Waves','Monsoon','4248','4248','R_18_4248','18G-4248','18','18',CURRENT_TIMESTAMP,CURRENT_TIMESTAMP,DATEADD(year, 10, CURRENT_TIMESTAMP),'Y',DATEADD(month, 4, CURRENT_TIMESTAMP),'O','Y',100,2),
('Atlantic Waves','Aqua','4249','4249','R_18_4249','18G-4249','18','18',CURRENT_TIMESTAMP,CURRENT_TIMESTAMP,DATEADD(year, 10, CURRENT_TIMESTAMP),'Y',DATEADD(month, 4, CURRENT_TIMESTAMP),'O','Y',100,2),
('Seaside Resort','Manta Ray','4250','4250','R_18_4250','18G-4250','18','18',CURRENT_TIMESTAMP,CURRENT_TIMESTAMP,DATEADD(year, 10, CURRENT_TIMESTAMP),'Y',DATEADD(month, 4, CURRENT_TIMESTAMP),'O','Y',100,2),
('Seaside Resort','Treasure Island','4251','4251','R_18_4251','18G-4251','18','18',CURRENT_TIMESTAMP,CURRENT_TIMESTAMP,DATEADD(year, 10, CURRENT_TIMESTAMP),'Y',DATEADD(month, 4, CURRENT_TIMESTAMP),'O','Y',100,2),
('Seaside Resort','Saltstone','4252','4252','R_18_4252','18G-4252','18','18',CURRENT_TIMESTAMP,CURRENT_TIMESTAMP,DATEADD(year, 10, CURRENT_TIMESTAMP),'Y',DATEADD(month, 4, CURRENT_TIMESTAMP),'O','Y',100,2)
GO

-- 2. Assign a color range to each swatch created above. See table-references/color-ranges.csv for values.(dbo.SwatchesToColorRanges) 
INSERT INTO dbo.SwatchesToColorRanges (SwatchId,ColorRangeId,DisplayOrder) Values
((SELECT MAX(id) FROM dbo.Swatches WHERE BrandId = 2 AND ColorNumber LIKE '4110' AND ColorName LIKE 'Modern Khaki'), 2,1),
((SELECT MAX(id) FROM dbo.Swatches WHERE BrandId = 2 AND ColorNumber LIKE '4111' AND ColorName LIKE 'Oat Field'), 8,1),
((SELECT MAX(id) FROM dbo.Swatches WHERE BrandId = 2 AND ColorNumber LIKE '4112' AND ColorName LIKE 'Sifted Sand'), 2,1),
((SELECT MAX(id) FROM dbo.Swatches WHERE BrandId = 2 AND ColorNumber LIKE '4113' AND ColorName LIKE 'Clamshell'), 2,1),
((SELECT MAX(id) FROM dbo.Swatches WHERE BrandId = 2 AND ColorNumber LIKE '4114' AND ColorName LIKE 'Soft Coal'), 2,1),
((SELECT MAX(id) FROM dbo.Swatches WHERE BrandId = 2 AND ColorNumber LIKE '4120' AND ColorName LIKE 'Natural White'), 8,1),
((SELECT MAX(id) FROM dbo.Swatches WHERE BrandId = 2 AND ColorNumber LIKE '4121' AND ColorName LIKE 'Soft Ivory'), 8,1),
((SELECT MAX(id) FROM dbo.Swatches WHERE BrandId = 2 AND ColorNumber LIKE '4122' AND ColorName LIKE 'Gray Dusk'), 1,1),
((SELECT MAX(id) FROM dbo.Swatches WHERE BrandId = 2 AND ColorNumber LIKE '4123' AND ColorName LIKE 'Charcoal'), 3,1),
((SELECT MAX(id) FROM dbo.Swatches WHERE BrandId = 2 AND ColorNumber LIKE '4130' AND ColorName LIKE 'Almond'), 3,1),
((SELECT MAX(id) FROM dbo.Swatches WHERE BrandId = 2 AND ColorNumber LIKE '4131' AND ColorName LIKE 'Biscotti'), 2,1),
((SELECT MAX(id) FROM dbo.Swatches WHERE BrandId = 2 AND ColorNumber LIKE '4132' AND ColorName LIKE 'Light Caramel'), 2,1),
((SELECT MAX(id) FROM dbo.Swatches WHERE BrandId = 2 AND ColorNumber LIKE '4133' AND ColorName LIKE 'Gentle Gray'), 3,1),
((SELECT MAX(id) FROM dbo.Swatches WHERE BrandId = 2 AND ColorNumber LIKE '4134' AND ColorName LIKE 'Smoked Oyster'), 3,1),
((SELECT MAX(id) FROM dbo.Swatches WHERE BrandId = 2 AND ColorNumber LIKE '4135' AND ColorName LIKE 'Creamy Cocoa'), 2,1),
((SELECT MAX(id) FROM dbo.Swatches WHERE BrandId = 2 AND ColorNumber LIKE '4140' AND ColorName LIKE 'Conch Shell'), 8,1),
((SELECT MAX(id) FROM dbo.Swatches WHERE BrandId = 1 AND ColorNumber LIKE '4141' AND ColorName LIKE 'Seagull'), 8,1),
((SELECT MAX(id) FROM dbo.Swatches WHERE BrandId = 2 AND ColorNumber LIKE '4142' AND ColorName LIKE 'Sand Dollar'), 2,1),
((SELECT MAX(id) FROM dbo.Swatches WHERE BrandId = 2 AND ColorNumber LIKE '4143' AND ColorName LIKE 'Nightfall'), 3,1),
((SELECT MAX(id) FROM dbo.Swatches WHERE BrandId = 2 AND ColorNumber LIKE '4144' AND ColorName LIKE 'Hushed Indigo'), 1,1),
((SELECT MAX(id) FROM dbo.Swatches WHERE BrandId = 2 AND ColorNumber LIKE '4165' AND ColorName LIKE 'Evening Rain'), 3,1),
((SELECT MAX(id) FROM dbo.Swatches WHERE BrandId = 2 AND ColorNumber LIKE '4166' AND ColorName LIKE 'Tropical Breeze'), 3,1),
((SELECT MAX(id) FROM dbo.Swatches WHERE BrandId = 2 AND ColorNumber LIKE '4167' AND ColorName LIKE 'Heather Gray'), 3,1),
((SELECT MAX(id) FROM dbo.Swatches WHERE BrandId = 2 AND ColorNumber LIKE '4168' AND ColorName LIKE 'Mud Mask'), 3,1),
((SELECT MAX(id) FROM dbo.Swatches WHERE BrandId = 2 AND ColorNumber LIKE '4180' AND ColorName LIKE 'Natural Linen'), 8,1),
((SELECT MAX(id) FROM dbo.Swatches WHERE BrandId = 2 AND ColorNumber LIKE '4181' AND ColorName LIKE 'Cream Coverlet'), 2,1),
((SELECT MAX(id) FROM dbo.Swatches WHERE BrandId = 2 AND ColorNumber LIKE '4182' AND ColorName LIKE 'Rattan'), 3,1),
((SELECT MAX(id) FROM dbo.Swatches WHERE BrandId = 2 AND ColorNumber LIKE '4183' AND ColorName LIKE 'Restful Rain'), 3,1),
((SELECT MAX(id) FROM dbo.Swatches WHERE BrandId = 2 AND ColorNumber LIKE '4200' AND ColorName LIKE 'Misty Morning'), 2,1),
((SELECT MAX(id) FROM dbo.Swatches WHERE BrandId = 2 AND ColorNumber LIKE '4201' AND ColorName LIKE 'Coconut Oil'), 8,1),
((SELECT MAX(id) FROM dbo.Swatches WHERE BrandId = 2 AND ColorNumber LIKE '4202' AND ColorName LIKE 'Seaspray'), 3,1),
((SELECT MAX(id) FROM dbo.Swatches WHERE BrandId = 2 AND ColorNumber LIKE '4220' AND ColorName LIKE 'Lava Rock'), 3,1),
((SELECT MAX(id) FROM dbo.Swatches WHERE BrandId = 2 AND ColorNumber LIKE '4221' AND ColorName LIKE 'Crème'), 8,1),
((SELECT MAX(id) FROM dbo.Swatches WHERE BrandId = 2 AND ColorNumber LIKE '4222' AND ColorName LIKE 'Washed Sandstone'), 2,1),
((SELECT MAX(id) FROM dbo.Swatches WHERE BrandId = 2 AND ColorNumber LIKE '4225' AND ColorName LIKE 'Cypress'), 4,1),
((SELECT MAX(id) FROM dbo.Swatches WHERE BrandId = 2 AND ColorNumber LIKE '4226' AND ColorName LIKE 'Deep Sea'), 1,1),
((SELECT MAX(id) FROM dbo.Swatches WHERE BrandId = 2 AND ColorNumber LIKE '4227' AND ColorName LIKE 'Driftwood'), 3,1),
((SELECT MAX(id) FROM dbo.Swatches WHERE BrandId = 2 AND ColorNumber LIKE '4230' AND ColorName LIKE 'Volcanic Ash'), 3,1),
((SELECT MAX(id) FROM dbo.Swatches WHERE BrandId = 2 AND ColorNumber LIKE '4231' AND ColorName LIKE 'Blue Topaz'), 1,1),
((SELECT MAX(id) FROM dbo.Swatches WHERE BrandId = 2 AND ColorNumber LIKE '4232' AND ColorName LIKE 'Dunes Grass'), 2,1),
((SELECT MAX(id) FROM dbo.Swatches WHERE BrandId = 2 AND ColorNumber LIKE '4233' AND ColorName LIKE 'Arbor'), 3,1),
((SELECT MAX(id) FROM dbo.Swatches WHERE BrandId = 2 AND ColorNumber LIKE '4234' AND ColorName LIKE 'Lakeside'), 1,1),
((SELECT MAX(id) FROM dbo.Swatches WHERE BrandId = 2 AND ColorNumber LIKE '4235' AND ColorName LIKE 'Sunset'), 6,1),
((SELECT MAX(id) FROM dbo.Swatches WHERE BrandId = 2 AND ColorNumber LIKE '4236' AND ColorName LIKE 'Boardwalk'), 3,1),
((SELECT MAX(id) FROM dbo.Swatches WHERE BrandId = 2 AND ColorNumber LIKE '4237' AND ColorName LIKE 'Cattails'), 2,1),
((SELECT MAX(id) FROM dbo.Swatches WHERE BrandId = 2 AND ColorNumber LIKE '4238' AND ColorName LIKE 'Marina'), 3,1),
((SELECT MAX(id) FROM dbo.Swatches WHERE BrandId = 2 AND ColorNumber LIKE '4240' AND ColorName LIKE 'Sea Stone'), 1,1),
((SELECT MAX(id) FROM dbo.Swatches WHERE BrandId = 2 AND ColorNumber LIKE '4241' AND ColorName LIKE 'Tidal Wave'), 4,1),
((SELECT MAX(id) FROM dbo.Swatches WHERE BrandId = 2 AND ColorNumber LIKE '4242' AND ColorName LIKE 'Sea Grass'), 2,1),
((SELECT MAX(id) FROM dbo.Swatches WHERE BrandId = 2 AND ColorNumber LIKE '4243' AND ColorName LIKE 'Washed Blues'), 1,1),
((SELECT MAX(id) FROM dbo.Swatches WHERE BrandId = 2 AND ColorNumber LIKE '4244' AND ColorName LIKE 'Sandstone'), 2,1),
((SELECT MAX(id) FROM dbo.Swatches WHERE BrandId = 2 AND ColorNumber LIKE '4245' AND ColorName LIKE 'Sunrise'), 6,1),
((SELECT MAX(id) FROM dbo.Swatches WHERE BrandId = 2 AND ColorNumber LIKE '4246' AND ColorName LIKE 'Pink Sand'), 2,1),
((SELECT MAX(id) FROM dbo.Swatches WHERE BrandId = 2 AND ColorNumber LIKE '4247' AND ColorName LIKE 'Ocean Stone'), 1,1),
((SELECT MAX(id) FROM dbo.Swatches WHERE BrandId = 2 AND ColorNumber LIKE '4248' AND ColorName LIKE 'Monsoon'), 3,1),
((SELECT MAX(id) FROM dbo.Swatches WHERE BrandId = 2 AND ColorNumber LIKE '4249' AND ColorName LIKE 'Aqua'), 1,1),
((SELECT MAX(id) FROM dbo.Swatches WHERE BrandId = 2 AND ColorNumber LIKE '4250' AND ColorName LIKE 'Manta Ray'), 6,1),
((SELECT MAX(id) FROM dbo.Swatches WHERE BrandId = 2 AND ColorNumber LIKE '4251' AND ColorName LIKE 'Treasure Island'), 2,1),
((SELECT MAX(id) FROM dbo.Swatches WHERE BrandId = 2 AND ColorNumber LIKE '4252' AND ColorName LIKE 'Saltstone'), 8,1)
GO

-- 3.  Attach swatches to their swatch Categories (dbo.SwatchesToCategories)
INSERT INTO dbo.SwatchesToCategories (SwatchCategoryId, SwatchId) VALUES
('2159', (SELECT MAX(id) FROM dbo.Swatches WHERE BrandId = 2 AND ColorNumber LIKE '4110' AND ColorName LIKE 'Modern Khaki')),
('2159', (SELECT MAX(id) FROM dbo.Swatches WHERE BrandId = 2 AND ColorNumber LIKE '4111' AND ColorName LIKE 'Oat Field')),
('2159', (SELECT MAX(id) FROM dbo.Swatches WHERE BrandId = 2 AND ColorNumber LIKE '4112' AND ColorName LIKE 'Sifted Sand')),
('2159', (SELECT MAX(id) FROM dbo.Swatches WHERE BrandId = 2 AND ColorNumber LIKE '4113' AND ColorName LIKE 'Clamshell')),
('2159', (SELECT MAX(id) FROM dbo.Swatches WHERE BrandId = 2 AND ColorNumber LIKE '4114' AND ColorName LIKE 'Soft Coal')),
('2164', (SELECT MAX(id) FROM dbo.Swatches WHERE BrandId = 2 AND ColorNumber LIKE '4120' AND ColorName LIKE 'Natural White')),
('2164', (SELECT MAX(id) FROM dbo.Swatches WHERE BrandId = 2 AND ColorNumber LIKE '4121' AND ColorName LIKE 'Soft Ivory')),
('2164', (SELECT MAX(id) FROM dbo.Swatches WHERE BrandId = 2 AND ColorNumber LIKE '4122' AND ColorName LIKE 'Gray Dusk')),
('2164', (SELECT MAX(id) FROM dbo.Swatches WHERE BrandId = 2 AND ColorNumber LIKE '4123' AND ColorName LIKE 'Charcoal')),
('2159', (SELECT MAX(id) FROM dbo.Swatches WHERE BrandId = 2 AND ColorNumber LIKE '4130' AND ColorName LIKE 'Almond')),
('2159', (SELECT MAX(id) FROM dbo.Swatches WHERE BrandId = 2 AND ColorNumber LIKE '4131' AND ColorName LIKE 'Biscotti')),
('2159', (SELECT MAX(id) FROM dbo.Swatches WHERE BrandId = 2 AND ColorNumber LIKE '4132' AND ColorName LIKE 'Light Caramel')),
('2159', (SELECT MAX(id) FROM dbo.Swatches WHERE BrandId = 2 AND ColorNumber LIKE '4133' AND ColorName LIKE 'Gentle Gray')),
('2159', (SELECT MAX(id) FROM dbo.Swatches WHERE BrandId = 2 AND ColorNumber LIKE '4134' AND ColorName LIKE 'Smoked Oyster')),
('2159', (SELECT MAX(id) FROM dbo.Swatches WHERE BrandId = 2 AND ColorNumber LIKE '4135' AND ColorName LIKE 'Creamy Cocoa')),
('2158', (SELECT MAX(id) FROM dbo.Swatches WHERE BrandId = 2 AND ColorNumber LIKE '4140' AND ColorName LIKE 'Conch Shell')),
('2158', (SELECT MAX(id) FROM dbo.Swatches WHERE BrandId = 1 AND ColorNumber LIKE '4141' AND ColorName LIKE 'Seagull')),
('2158', (SELECT MAX(id) FROM dbo.Swatches WHERE BrandId = 2 AND ColorNumber LIKE '4142' AND ColorName LIKE 'Sand Dollar')),
('2158', (SELECT MAX(id) FROM dbo.Swatches WHERE BrandId = 2 AND ColorNumber LIKE '4143' AND ColorName LIKE 'Nightfall')),
('2158', (SELECT MAX(id) FROM dbo.Swatches WHERE BrandId = 2 AND ColorNumber LIKE '4144' AND ColorName LIKE 'Hushed Indigo')),
('2159', (SELECT MAX(id) FROM dbo.Swatches WHERE BrandId = 2 AND ColorNumber LIKE '4165' AND ColorName LIKE 'Evening Rain')),
('2159', (SELECT MAX(id) FROM dbo.Swatches WHERE BrandId = 2 AND ColorNumber LIKE '4166' AND ColorName LIKE 'Tropical Breeze')),
('2159', (SELECT MAX(id) FROM dbo.Swatches WHERE BrandId = 2 AND ColorNumber LIKE '4167' AND ColorName LIKE 'Heather Gray')),
('2159', (SELECT MAX(id) FROM dbo.Swatches WHERE BrandId = 2 AND ColorNumber LIKE '4168' AND ColorName LIKE 'Mud Mask')),
('2164', (SELECT MAX(id) FROM dbo.Swatches WHERE BrandId = 2 AND ColorNumber LIKE '4180' AND ColorName LIKE 'Natural Linen')),
('2164', (SELECT MAX(id) FROM dbo.Swatches WHERE BrandId = 2 AND ColorNumber LIKE '4181' AND ColorName LIKE 'Cream Coverlet')),
('2164', (SELECT MAX(id) FROM dbo.Swatches WHERE BrandId = 2 AND ColorNumber LIKE '4182' AND ColorName LIKE 'Rattan')),
('2164', (SELECT MAX(id) FROM dbo.Swatches WHERE BrandId = 2 AND ColorNumber LIKE '4183' AND ColorName LIKE 'Restful Rain')),
('2158', (SELECT MAX(id) FROM dbo.Swatches WHERE BrandId = 2 AND ColorNumber LIKE '4200' AND ColorName LIKE 'Misty Morning')),
('2158', (SELECT MAX(id) FROM dbo.Swatches WHERE BrandId = 2 AND ColorNumber LIKE '4201' AND ColorName LIKE 'Coconut Oil')),
('2158', (SELECT MAX(id) FROM dbo.Swatches WHERE BrandId = 2 AND ColorNumber LIKE '4202' AND ColorName LIKE 'Seaspray')),
('2158', (SELECT MAX(id) FROM dbo.Swatches WHERE BrandId = 2 AND ColorNumber LIKE '4220' AND ColorName LIKE 'Lava Rock')),
('2158', (SELECT MAX(id) FROM dbo.Swatches WHERE BrandId = 2 AND ColorNumber LIKE '4221' AND ColorName LIKE 'Crème')),
('2158', (SELECT MAX(id) FROM dbo.Swatches WHERE BrandId = 2 AND ColorNumber LIKE '4222' AND ColorName LIKE 'Washed Sandstone')),
('2158', (SELECT MAX(id) FROM dbo.Swatches WHERE BrandId = 2 AND ColorNumber LIKE '4225' AND ColorName LIKE 'Cypress')),
('2158', (SELECT MAX(id) FROM dbo.Swatches WHERE BrandId = 2 AND ColorNumber LIKE '4226' AND ColorName LIKE 'Deep Sea')),
('2158', (SELECT MAX(id) FROM dbo.Swatches WHERE BrandId = 2 AND ColorNumber LIKE '4227' AND ColorName LIKE 'Driftwood')),
('2158', (SELECT MAX(id) FROM dbo.Swatches WHERE BrandId = 2 AND ColorNumber LIKE '4230' AND ColorName LIKE 'Volcanic Ash')),
('2158', (SELECT MAX(id) FROM dbo.Swatches WHERE BrandId = 2 AND ColorNumber LIKE '4231' AND ColorName LIKE 'Blue Topaz')),
('2158', (SELECT MAX(id) FROM dbo.Swatches WHERE BrandId = 2 AND ColorNumber LIKE '4232' AND ColorName LIKE 'Dunes Grass')),
('2158', (SELECT MAX(id) FROM dbo.Swatches WHERE BrandId = 2 AND ColorNumber LIKE '4233' AND ColorName LIKE 'Arbor')),
('2158', (SELECT MAX(id) FROM dbo.Swatches WHERE BrandId = 2 AND ColorNumber LIKE '4234' AND ColorName LIKE 'Lakeside')),
('2158', (SELECT MAX(id) FROM dbo.Swatches WHERE BrandId = 2 AND ColorNumber LIKE '4235' AND ColorName LIKE 'Sunset')),
('2158', (SELECT MAX(id) FROM dbo.Swatches WHERE BrandId = 2 AND ColorNumber LIKE '4236' AND ColorName LIKE 'Boardwalk')),
('2158', (SELECT MAX(id) FROM dbo.Swatches WHERE BrandId = 2 AND ColorNumber LIKE '4237' AND ColorName LIKE 'Cattails')),
('2158', (SELECT MAX(id) FROM dbo.Swatches WHERE BrandId = 2 AND ColorNumber LIKE '4238' AND ColorName LIKE 'Marina')),
('2158', (SELECT MAX(id) FROM dbo.Swatches WHERE BrandId = 2 AND ColorNumber LIKE '4240' AND ColorName LIKE 'Sea Stone')),
('2158', (SELECT MAX(id) FROM dbo.Swatches WHERE BrandId = 2 AND ColorNumber LIKE '4241' AND ColorName LIKE 'Tidal Wave')),
('2158', (SELECT MAX(id) FROM dbo.Swatches WHERE BrandId = 2 AND ColorNumber LIKE '4242' AND ColorName LIKE 'Sea Grass')),
('2158', (SELECT MAX(id) FROM dbo.Swatches WHERE BrandId = 2 AND ColorNumber LIKE '4243' AND ColorName LIKE 'Washed Blues')),
('2158', (SELECT MAX(id) FROM dbo.Swatches WHERE BrandId = 2 AND ColorNumber LIKE '4244' AND ColorName LIKE 'Sandstone')),
('2158', (SELECT MAX(id) FROM dbo.Swatches WHERE BrandId = 2 AND ColorNumber LIKE '4245' AND ColorName LIKE 'Sunrise')),
('2158', (SELECT MAX(id) FROM dbo.Swatches WHERE BrandId = 2 AND ColorNumber LIKE '4246' AND ColorName LIKE 'Pink Sand')),
('2158', (SELECT MAX(id) FROM dbo.Swatches WHERE BrandId = 2 AND ColorNumber LIKE '4247' AND ColorName LIKE 'Ocean Stone')),
('2158', (SELECT MAX(id) FROM dbo.Swatches WHERE BrandId = 2 AND ColorNumber LIKE '4248' AND ColorName LIKE 'Monsoon')),
('2158', (SELECT MAX(id) FROM dbo.Swatches WHERE BrandId = 2 AND ColorNumber LIKE '4249' AND ColorName LIKE 'Aqua')),
('2158', (SELECT MAX(id) FROM dbo.Swatches WHERE BrandId = 2 AND ColorNumber LIKE '4250' AND ColorName LIKE 'Manta Ray')),
('2158', (SELECT MAX(id) FROM dbo.Swatches WHERE BrandId = 2 AND ColorNumber LIKE '4251' AND ColorName LIKE 'Treasure Island')),
('2158', (SELECT MAX(id) FROM dbo.Swatches WHERE BrandId = 2 AND ColorNumber LIKE '4252' AND ColorName LIKE 'Saltstone'))
GO
